-- MySQL dump 10.13  Distrib 8.0.42, for Win64 (x86_64)
--
-- Host: localhost    Database: banking_application_database
-- ------------------------------------------------------
-- Server version	8.0.42

/*!40101 SET @OLD_CHARACTER_SET_CLIENT=@@CHARACTER_SET_CLIENT */;
/*!40101 SET @OLD_CHARACTER_SET_RESULTS=@@CHARACTER_SET_RESULTS */;
/*!40101 SET @OLD_COLLATION_CONNECTION=@@COLLATION_CONNECTION */;
/*!50503 SET NAMES utf8mb4 */;
/*!40103 SET @OLD_TIME_ZONE=@@TIME_ZONE */;
/*!40103 SET TIME_ZONE='+00:00' */;
/*!40014 SET @OLD_UNIQUE_CHECKS=@@UNIQUE_CHECKS, UNIQUE_CHECKS=0 */;
/*!40014 SET @OLD_FOREIGN_KEY_CHECKS=@@FOREIGN_KEY_CHECKS, FOREIGN_KEY_CHECKS=0 */;
/*!40101 SET @OLD_SQL_MODE=@@SQL_MODE, SQL_MODE='NO_AUTO_VALUE_ON_ZERO' */;
/*!40111 SET @OLD_SQL_NOTES=@@SQL_NOTES, SQL_NOTES=0 */;

--
-- Table structure for table `account`
--

DROP TABLE IF EXISTS `account`;
/*!40101 SET @saved_cs_client     = @@character_set_client */;
/*!50503 SET character_set_client = utf8mb4 */;
CREATE TABLE `account` (
  `account_id` bigint NOT NULL,
  `balance` decimal(20,2) DEFAULT NULL,
  `account_number` varchar(255) DEFAULT NULL,
  `account_type` enum('CHECKING','FIXED_DEPOSIT','SAVINGS') DEFAULT NULL,
  `customer_id` bigint DEFAULT NULL,
  PRIMARY KEY (`account_id`),
  KEY `FKnnwpo0lfq4xai1rs6887sx02k` (`customer_id`),
  CONSTRAINT `FKnnwpo0lfq4xai1rs6887sx02k` FOREIGN KEY (`customer_id`) REFERENCES `customer` (`customer_id`)
) ENGINE=InnoDB DEFAULT CHARSET=utf8mb4 COLLATE=utf8mb4_0900_ai_ci;
/*!40101 SET character_set_client = @saved_cs_client */;

--
-- Dumping data for table `account`
--

LOCK TABLES `account` WRITE;
/*!40000 ALTER TABLE `account` DISABLE KEYS */;
INSERT INTO `account` VALUES (1746374433141945,1500.56,'ACC1746374433150277','SAVINGS',1746361239110352),(1746374447982017,1500.56,'ACC1746374447982424','SAVINGS',1746361239110352),(1746458324286869,1500.56,'ACC1746458324290112','SAVINGS',1746361239110352),(1746458530466989,33.00,'ACC1746458530469123','CHECKING',1746458530424934),(1746459721719984,1500.00,'ACC1746459721726636','CHECKING',1746459721682599),(1746459778645517,1500.00,'ACC1746459778645188','CHECKING',1746459778643176),(1746459952865901,1500.00,'ACC1746459952867780','CHECKING',1746459952809800),(1746460327664086,1500.00,'ACC1746460327666614','CHECKING',1746460327610879),(1746460491293534,1500.00,'ACC1746460491296921','CHECKING',1746460491236726),(1746460505043919,1500.00,'ACC1746460505043799','CHECKING',1746460505042169),(1746463202942521,1500.00,'ACC1746463202946440','CHECKING',1746463202879726),(1746463467928580,49289.18,'ACC1746463467928109','SAVINGS',1746463202879726),(1746464944114890,1500.56,'ACC1746464944130947','SAVINGS',1746463202879726),(1746553457723636,245551289.56,'ACC1746553457730355','SAVINGS',1746463202879726),(1746553478573690,2478.00,'ACC1746553478573568','CHECKING',1746553478571093),(1746553678699596,1500.56,'ACC1746553678700799','SAVINGS',1746553478571093),(1746618081993722,1500.56,'ACC1746618081997609','SAVINGS',1746553478571093),(1746618132197409,1500.56,'ACC1746618132197809','SAVINGS',1746553478571093),(1746618149156618,1500.00,'ACC1746618149156813','CHECKING',1746618149152489),(1747074978408662,1500.00,'ACC1747074978414583','CHECKING',1747074978265258),(1747076523055145,254402200.00,'ACC1747076523057324','CHECKING',1747076522998409),(1747131188415249,1500.00,'ACC1747131188419967','CHECKING',1747131188320048),(1747131612526276,1500.00,'ACC1747131612529547','CHECKING',1747131612499059),(1747131627739207,1500.56,'ACC1747131627740421','SAVINGS',1746553478571093),(1750145475143845,500002000.00,'ACC1750145475146536','SAVINGS',1746553478571093);
/*!40000 ALTER TABLE `account` ENABLE KEYS */;
UNLOCK TABLES;

--
-- Table structure for table `customer`
--

DROP TABLE IF EXISTS `customer`;
/*!40101 SET @saved_cs_client     = @@character_set_client */;
/*!50503 SET character_set_client = utf8mb4 */;
CREATE TABLE `customer` (
  `customer_id` bigint NOT NULL,
  `address` varchar(255) DEFAULT NULL,
  `email` varchar(255) DEFAULT NULL,
  `name` varchar(255) DEFAULT NULL,
  `phone_number` varchar(20) DEFAULT NULL,
  PRIMARY KEY (`customer_id`)
) ENGINE=InnoDB DEFAULT CHARSET=utf8mb4 COLLATE=utf8mb4_0900_ai_ci;
/*!40101 SET character_set_client = @saved_cs_client */;

--
-- Dumping data for table `customer`
--

LOCK TABLES `customer` WRITE;
/*!40000 ALTER TABLE `customer` DISABLE KEYS */;
INSERT INTO `customer` VALUES (1746361239110352,'123 Main Street','john@example.com','John Doe','1234567890'),(1746361381222269,'123 Local Street','Akshay@example.com','Akshay','9810742807'),(1746367928726481,'123 Local Street','Akshay@example.com','Akshay','9810742807'),(1746374308135641,'123 Local Street','Pandey@example.com','Pandey','98107456807'),(1746457724585354,'123 Local Street','Joule@example.com','Joule','9810958459'),(1746457905987363,'007 Local Basti','Joule@gamil.com','Joule456','0110456459'),(1746458339816753,'007 Local Basti','Joule@gamil.com','Joule456','0110456459'),(1746458370362730,'007 Local Basti','Joule@gamil.com','Joule456','00'),(1746458444964114,'007 Local Basti','Joule@gamil.com','Joule456','00'),(1746458530424934,'007 Local Basti','Joule@gamil.com','Joule456','00'),(1746459721682599,'007 Local Basti','Joule@gamil.com','652','0110456459'),(1746459778643176,'007 Local Basti','Joule@gamil.com','652','0110456459'),(1746459952809800,'007 Local Basti','Joule@gamil.com','652','0110456459'),(1746460327610879,'007 Local Basti','Joule@gamil.com','652','0110456459'),(1746460491236726,'007 Local Basti','Joule@gamil.com','652','0110456459'),(1746460505042169,'007 Local Basti','Joule@gamil.com','6562','0110456459'),(1746463202879726,'Casterly Rock','Lannister@gamil.com','Tyrion','0070070077'),(1746553478571093,'Casterly Rock','Lannister@gamil.com','Jamie','0070070077'),(1746618149152489,'Casterly Rock','Lannister@gamil.com','Jamie','0070070077'),(1747074978265258,'Casterly Rock','Lannister@gamil.com','Jamie','0070070077'),(1747076522998409,'Casterly Rock','Lannister@gamil.com','Jamie','0070070077'),(1747131188320048,'Casterly Rock','Lannister@gamil.com','Jamie','0070070077'),(1747131612499059,'Casterly Rock','Lannister@gamil.com','Jamie','0070070077');
/*!40000 ALTER TABLE `customer` ENABLE KEYS */;
UNLOCK TABLES;

--
-- Table structure for table `transaction`
--

DROP TABLE IF EXISTS `transaction`;
/*!40101 SET @saved_cs_client     = @@character_set_client */;
/*!50503 SET character_set_client = utf8mb4 */;
CREATE TABLE `transaction` (
  `transaction_id` bigint NOT NULL,
  `amount` decimal(20,2) DEFAULT NULL,
  `timestamps` datetime(6) DEFAULT NULL,
  `transaction_type` enum('DEPOSIT','TRANSFER','WITHDRAWAL') DEFAULT NULL,
  `from_account_id` bigint DEFAULT NULL,
  `to_account_id` bigint DEFAULT NULL,
  PRIMARY KEY (`transaction_id`),
  KEY `FKrff4jlxetafju1e5cks5mfcnk` (`from_account_id`),
  KEY `FKluqt8k2pa8d4gmggx4rhl5vgv` (`to_account_id`),
  CONSTRAINT `FKluqt8k2pa8d4gmggx4rhl5vgv` FOREIGN KEY (`to_account_id`) REFERENCES `account` (`account_id`),
  CONSTRAINT `FKrff4jlxetafju1e5cks5mfcnk` FOREIGN KEY (`from_account_id`) REFERENCES `account` (`account_id`)
) ENGINE=InnoDB DEFAULT CHARSET=utf8mb4 COLLATE=utf8mb4_0900_ai_ci;
/*!40101 SET character_set_client = @saved_cs_client */;

--
-- Dumping data for table `transaction`
--

LOCK TABLES `transaction` WRITE;
/*!40000 ALTER TABLE `transaction` DISABLE KEYS */;
INSERT INTO `transaction` VALUES (1746553919004992,0.00,'2025-05-06 23:21:59.004632',NULL,1746463467928580,1746463467928580),(1746554092409851,0.00,'2025-05-06 23:24:52.409389',NULL,1746463467928580,1746463467928580),(1746554172877846,1947.16,'2025-05-06 23:26:12.882215','DEPOSIT',1746463467928580,1746463467928580),(1746554520666747,1947.16,'2025-05-06 23:32:00.666877','DEPOSIT',1746463467928580,1746463467928580),(1746554726404585,1947.15,'2025-05-06 23:35:26.404786','DEPOSIT',1746463467928580,1746463467928580),(1746554789282990,1947.15,'2025-05-06 23:36:29.285659','DEPOSIT',1746463467928580,1746463467928580),(1746555224706455,500.00,'2025-05-06 23:43:44.709406','DEPOSIT',1746553457723636,1746553457723636),(1746612317289531,500.00,'2025-05-07 15:35:17.295427','WITHDRAWAL',1746553457723636,1746553457723636),(1746616109276656,489.00,'2025-05-07 16:38:29.279754','TRANSFER',1746458530466989,1746553478573690),(1746618046962434,489.00,'2025-05-07 17:10:46.966483','TRANSFER',1746458530466989,1746553478573690),(1746618051643888,500.00,'2025-05-07 17:10:51.643565','WITHDRAWAL',1746553457723636,1746553457723636),(1746618055883428,500.00,'2025-05-07 17:10:55.885073','DEPOSIT',1746553457723636,1746553457723636),(1746713028695249,489.00,'2025-05-08 19:33:48.697031','TRANSFER',1746458530466989,1746553457723636),(1747131687906263,500.00,'2025-05-13 15:51:27.906220','DEPOSIT',1746553457723636,1746553457723636),(1747131700806821,500.00,'2025-05-13 15:51:40.807240','WITHDRAWAL',1746553457723636,1746553457723636),(1747131866190345,300.00,'2025-05-13 15:54:26.190352','TRANSFER',1746553457723636,1747076523055145),(1750096531053065,500000000.00,'2025-06-16 23:25:31.056263','DEPOSIT',1746553457723636,1746553457723636),(1750145494888926,500000000.00,'2025-06-17 13:01:34.888264','DEPOSIT',1750145475143845,1750145475143845),(1750146417450282,500.00,'2025-06-17 13:16:57.453453','DEPOSIT',1750145475143845,1750145475143845),(1750146552485464,50000.00,'2025-06-17 13:19:12.489249','WITHDRAWAL',1746553457723636,1746553457723636),(1750146576283260,400.00,'2025-06-17 13:19:36.283688','TRANSFER',1746553457723636,1747076523055145),(1750146588582192,400000.00,'2025-06-17 13:19:48.582968','TRANSFER',1746553457723636,1747076523055145),(1750146595967977,4000000.00,'2025-06-17 13:19:55.967777','TRANSFER',1746553457723636,1747076523055145),(1750146610296973,495551289.56,'2025-06-17 13:20:10.296427','TRANSFER',1746553457723636,1747076523055145),(1750146654768575,245551289.56,'2025-06-17 13:20:54.768380','TRANSFER',1747076523055145,1746553457723636);
/*!40000 ALTER TABLE `transaction` ENABLE KEYS */;
UNLOCK TABLES;
/*!40103 SET TIME_ZONE=@OLD_TIME_ZONE */;

/*!40101 SET SQL_MODE=@OLD_SQL_MODE */;
/*!40014 SET FOREIGN_KEY_CHECKS=@OLD_FOREIGN_KEY_CHECKS */;
/*!40014 SET UNIQUE_CHECKS=@OLD_UNIQUE_CHECKS */;
/*!40101 SET CHARACTER_SET_CLIENT=@OLD_CHARACTER_SET_CLIENT */;
/*!40101 SET CHARACTER_SET_RESULTS=@OLD_CHARACTER_SET_RESULTS */;
/*!40101 SET COLLATION_CONNECTION=@OLD_COLLATION_CONNECTION */;
/*!40111 SET SQL_NOTES=@OLD_SQL_NOTES */;

-- Dump completed on 2025-06-17 15:10:50
